ILCE,alan_metrekare,Nufus,Minibus_Durak_Sayisi,Rayli_Istasyon_Sayisi,Taksi_Durak_Sayisi,Ortalama_AQI,Yeni_Yapilacak_Yesil_Alan_GA_W1_1.0_W2_0.0,Toplam_Yesil_Alan_GA_W1_1.0_W2_0.0,Yeni_Yapilacak_Yesil_Alan_PSO_W1_1.0_W2_0.0,Toplam_Yesil_Alan_PSO_W1_1.0_W2_0.0,Yeni_Yapilacak_Yesil_Alan_GA_W1_0.9_W2_0.1,Toplam_Yesil_Alan_GA_W1_0.9_W2_0.1,Yeni_Yapilacak_Yesil_Alan_PSO_W1_0.9_W2_0.1,Toplam_Yesil_Alan_PSO_W1_0.9_W2_0.1,Yeni_Yapilacak_Yesil_Alan_GA_W1_0.8_W2_0.2,Toplam_Yesil_Alan_GA_W1_0.8_W2_0.2,Yeni_Yapilacak_Yesil_Alan_PSO_W1_0.8_W2_0.2,Toplam_Yesil_Alan_PSO_W1_0.8_W2_0.2,Yeni_Yapilacak_Yesil_Alan_GA_W1_0.7_W2_0.3,Toplam_Yesil_Alan_GA_W1_0.7_W2_0.3,Yeni_Yapilacak_Yesil_Alan_PSO_W1_0.7_W2_0.3,Toplam_Yesil_Alan_PSO_W1_0.7_W2_0.3,Yeni_Yapilacak_Yesil_Alan_GA_W1_0.6_W2_0.4,Toplam_Yesil_Alan_GA_W1_0.6_W2_0.4,Yeni_Yapilacak_Yesil_Alan_PSO_W1_0.6_W2_0.4,Toplam_Yesil_Alan_PSO_W1_0.6_W2_0.4,Yeni_Yapilacak_Yesil_Alan_GA_W1_0.5_W2_0.5,Toplam_Yesil_Alan_GA_W1_0.5_W2_0.5,Yeni_Yapilacak_Yesil_Alan_PSO_W1_0.5_W2_0.5,Toplam_Yesil_Alan_PSO_W1_0.5_W2_0.5,Yeni_Yapilacak_Yesil_Alan_GA_W1_0.4_W2_0.6,Toplam_Yesil_Alan_GA_W1_0.4_W2_0.6,Yeni_Yapilacak_Yesil_Alan_PSO_W1_0.4_W2_0.6,Toplam_Yesil_Alan_PSO_W1_0.4_W2_0.6,Yeni_Yapilacak_Yesil_Alan_GA_W1_0.3_W2_0.7,Toplam_Yesil_Alan_GA_W1_0.3_W2_0.7,Yeni_Yapilacak_Yesil_Alan_PSO_W1_0.3_W2_0.7,Toplam_Yesil_Alan_PSO_W1_0.3_W2_0.7,Yeni_Yapilacak_Yesil_Alan_GA_W1_0.2_W2_0.8,Toplam_Yesil_Alan_GA_W1_0.2_W2_0.8,Yeni_Yapilacak_Yesil_Alan_PSO_W1_0.2_W2_0.8,Toplam_Yesil_Alan_PSO_W1_0.2_W2_0.8,Yeni_Yapilacak_Yesil_Alan_GA_W1_0.1_W2_0.9,Toplam_Yesil_Alan_GA_W1_0.1_W2_0.9,Yeni_Yapilacak_Yesil_Alan_PSO_W1_0.1_W2_0.9,Toplam_Yesil_Alan_PSO_W1_0.1_W2_0.9,Yeni_Yapilacak_Yesil_Alan_GA_W1_0.0_W2_1.0,Toplam_Yesil_Alan_GA_W1_0.0_W2_1.0,Yeni_Yapilacak_Yesil_Alan_PSO_W1_0.0_W2_1.0,Toplam_Yesil_Alan_PSO_W1_0.0_W2_1.0
ADALAR,51158.82954963867,16979.0,0,0,0,21.8728,2045.0670537425344,53203.8966033812,25579.414774819335,76738.244324458,6986.01389892661,58144.84344856528,0.0,51158.82954963867,8330.734915391944,59489.56446503061,0.0,51158.82954963867,4324.961613426806,55483.79116306548,25579.414774819335,76738.244324458,11160.08254477537,62318.912094414045,0.0,51158.82954963867,4488.943467258895,55647.77301689757,0.0,51158.82954963867,5560.718553310106,56719.54810294878,0.0,51158.82954963867,8774.169287894414,59932.99883753309,0.0,51158.82954963867,3131.478157243968,54290.30770688264,0.0,51158.82954963867,7669.022980460091,58827.85253009876,0.0,51158.82954963867,3506.771005220381,54665.600554859055,25579.414774819335,76738.244324458
ARNAVUTKÖY,64545.19212578033,344868.0,204,5,2,29.73571591167767,32267.96612280853,96813.15824858886,32272.596062890167,96817.7881886705,32078.988994410975,96624.18112019131,0.0,64545.19212578033,32142.099027957363,96687.2911537377,32272.596062890167,96817.7881886705,32221.23598348259,96766.42810926292,32272.596062890167,96817.7881886705,32197.508540010283,96742.70066579062,32272.596062890167,96817.7881886705,32272.271791448853,96817.46391722918,32272.596062890167,96817.7881886705,32268.402229343243,96813.59435512358,32272.596062890167,96817.7881886705,32272.392175661913,96817.58430144224,0.0,64545.19212578033,32272.45150305127,96817.6436288316,32272.596062890167,96817.7881886705,32055.670768275202,96600.86289405554,0.0,64545.19212578033,32272.54077086233,96817.73289664267,32272.596062890167,96817.7881886705
ATAŞEHİR,652554.3498556783,414866.0,293,8,29,29.7875014280818,32763.685798240895,685318.0356539192,0.0,652554.3498556783,131894.9775940553,784449.3274497336,326277.17492783914,978831.5247835175,188487.3514038015,841041.7012594797,326277.17492783914,978831.5247835175,89509.09987721281,742063.449732891,325091.6204678138,977645.9703234921,83104.17536435867,735658.525220037,0.0,652554.3498556783,176781.1098619755,829335.4597176538,326277.17492783914,978831.5247835175,81209.23704293811,733763.5868986164,0.0,652554.3498556783,189842.0890845853,842396.4389402636,0.0,652554.3498556783,180133.4656518468,832687.8155075251,326277.17492783914,978831.5247835175,137727.26093279241,790281.6107884707,326277.17492783914,978831.5247835175,166927.994772787,819482.3446284652,0.0,652554.3498556783
AVCILAR,758438.617676303,440934.0,153,2,12,29.202595037559753,24598.18220394753,783036.7998802506,304431.4736053224,1062870.0912816254,105141.87967033654,863580.4973466395,379219.3088381515,1137657.9265144547,28227.920150629638,786666.5378269326,379219.3088381515,1137657.9265144547,26677.81559407446,785116.4332703775,0.0,758438.617676303,165245.22582345398,923683.843499757,231545.59343289334,989984.2111091963,47772.08052941181,806210.6982057148,379219.3088381515,1137657.9265144547,54604.397272641305,813043.0149489443,0.0,758438.617676303,77082.54903655876,835521.1667128617,0.0,758438.617676303,123065.84320497174,881504.4608812748,209984.71568656113,968423.3333628641,218361.28410999547,976799.9017862985,0.0,758438.617676303,142148.0480439371,900586.6657202401,0.0,758438.617676303
BAHÇELİEVLER,172658.04112394387,560086.0,240,9,14,36.609391184255955,86321.68463296568,258979.72575690955,86329.02056197193,258987.0616859158,85940.80269272313,258598.84381666698,86329.02056197193,258987.0616859158,86074.52518542885,258732.56630937272,86329.02056197193,258987.0616859158,85101.73235116768,257759.77347511155,86329.02056197193,258987.0616859158,85284.90541545636,257942.94653940023,86329.02056197193,258987.0616859158,86057.13424466806,258715.17536861193,0.0,172658.04112394387,86294.31402156092,258952.3551455048,0.0,172658.04112394387,86312.73164096105,258970.77276490492,86328.99570407294,258987.0368280168,86328.5052923617,258986.5464163056,86329.02056197193,258987.0616859158,86280.6636407739,258938.70476471778,0.0,172658.04112394387,85412.08708995908,258070.12821390294,0.0,172658.04112394387
BAKIRKÖY,2698483.5680299588,219893.0,191,19,28,36.609391184255955,497.21790431272865,2698980.7859342713,0.0,2698483.5680299588,24.445372364260898,2698508.0134023232,0.0,2698483.5680299588,2764.2919884780517,2701247.860018437,0.0,2698483.5680299588,5.926503237486884,2698489.494533196,0.0,2698483.5680299588,1152.72916615646,2699636.2971961154,0.0,2698483.5680299588,182.60671141871973,2698666.1747413776,0.0,2698483.5680299588,13033.563930385095,2711517.131960344,0.0,2698483.5680299588,30.746925625201577,2698514.314955584,0.0,2698483.5680299588,2118.0223057981384,2700601.590335757,0.0,2698483.5680299588,63.4978169771957,2698547.065846936,0.0,2698483.5680299588,5706.622915149808,2704190.1909451084,0.0,2698483.5680299588
BAYRAMPAŞA,741978.3363974248,268303.0,132,4,8,31.290963030579643,205905.90363379495,947884.2400312198,370989.1681987124,1112967.5045961372,131506.1623682384,873484.4987656632,0.0,741978.3363974248,129139.67094193524,871118.0073393601,370989.1681987124,1112967.5045961372,116094.15217320053,858072.4885706253,0.0,741978.3363974248,218721.97956068142,960700.3159581062,0.0,741978.3363974248,17725.105602916243,759703.442000341,0.0,741978.3363974248,118040.124070475,860018.4604678998,0.0,741978.3363974248,83194.74087393533,825173.0772713601,0.0,741978.3363974248,43274.80309290691,785253.1394903318,0.0,741978.3363974248,142822.2241861075,884800.5605835323,0.0,741978.3363974248,783.503774152699,742761.8401715775,0.0,741978.3363974248
BAĞCILAR,755789.6782663013,713594.0,319,17,15,38.659685863874344,152498.14405300218,908287.8223193034,377894.83913315064,1133684.517399452,364764.105793318,1120553.7840596193,377894.83913315064,1133684.517399452,250080.423982731,1005870.1022490324,377894.83913315064,1133684.517399452,245512.5207434752,1001302.1990097765,377894.83913315064,1133684.517399452,143276.02401681742,899065.7022831187,377894.83913315064,1133684.517399452,250565.8326521273,1006355.5109184287,377894.83913315064,1133684.517399452,246553.21524570577,1002342.8935120071,377894.83913315064,1133684.517399452,190923.31499161955,946712.9932579208,377894.7303207063,1133684.4085870076,199303.40199009058,955093.0802563919,377894.83913315064,1133684.517399452,273026.06620828004,1028815.7444745813,0.0,755789.6782663013,338996.0249153195,1094785.7031816207,377894.83913315064,1133684.517399452
BAŞAKŞEHİR,1976024.6654511543,520467.0,296,17,7,48.57816540477577,4410.004780421292,1980434.6702315756,0.0,1976024.6654511543,127.31909387414052,1976151.9845450285,0.0,1976024.6654511543,4521.445617550728,1980546.111068705,0.0,1976024.6654511543,34787.615589545254,2010812.2810406997,0.0,1976024.6654511543,62338.4979483805,2038363.1633995348,0.0,1976024.6654511543,11356.854148656917,1987381.5195998112,0.0,1976024.6654511543,3046.336499289858,1979071.0019504442,0.0,1976024.6654511543,9817.62858994049,1985842.2940410948,0.0,1976024.6654511543,5102.839273453368,1981127.5047246078,0.0,1976024.6654511543,65961.43930645518,2041986.1047576095,0.0,1976024.6654511543,22964.34942958152,1998989.014880736,0.0,1976024.6654511543
BEYKOZ,1651523.724152116,245440.0,260,0,8,26.711909353905497,469.0715039061509,1651992.7956560222,0.0,1651523.724152116,13912.278198314027,1665436.0023504302,0.0,1651523.724152116,44671.071206131805,1696194.7953582478,0.0,1651523.724152116,198.5723357321845,1651722.2964878483,0.0,1651523.724152116,8157.6176197575305,1659681.3417718736,0.0,1651523.724152116,3097.037460322648,1654620.7616124388,0.0,1651523.724152116,0.9898637788572333,1651524.714015895,0.0,1651523.724152116,4103.047241244693,1655626.7713933608,0.0,1651523.724152116,5375.892609660258,1656899.6167617764,0.0,1651523.724152116,13480.27380602633,1665003.9979581425,0.0,1651523.724152116,10763.06442153158,1662286.7885736476,0.0,1651523.724152116
BEYLİKDÜZÜ,856528.9033921233,415290.0,233,0,7,39.4643751422718,147376.44577338212,1003905.3491655054,0.0,856528.9033921233,166140.39223961812,1022669.2956317414,0.0,856528.9033921233,154593.92673856753,1011122.8301306908,0.0,856528.9033921233,143708.21054050754,1000237.1139326309,428264.45169606165,1284793.355088185,220502.24482864965,1077031.1482207729,0.0,856528.9033921233,58795.27284878204,915324.1762409053,0.0,856528.9033921233,124559.90107507104,981088.8044671944,0.0,856528.9033921233,99938.05821635606,956466.9616084794,0.0,856528.9033921233,15992.553512082673,872521.456904206,247006.16610749665,1103535.06949962,89974.69426615497,946503.5976582783,374107.1511526766,1230636.0545448,23615.59665086559,880144.5000429889,0.0,856528.9033921233
BEYOĞLU,508454.11097757774,216688.0,75,11,21,28.04237867395762,3794.2018335450584,512248.3128111228,0.0,508454.11097757774,17953.962648733082,526408.0736263108,0.0,508454.11097757774,73264.2994771018,581718.4104546795,0.0,508454.11097757774,27640.177403564783,536094.2883811425,0.0,508454.11097757774,133957.8829086006,642411.9938861784,254141.6748034696,762595.7857810473,8.231948666238745,508462.34292624396,254227.05548878887,762681.1664663666,67368.05454882179,575822.1655263995,0.0,508454.11097757774,40612.90248989336,549067.0134674711,254226.98228570574,762681.0932632835,150061.49830521803,658515.6092827958,0.0,508454.11097757774,36547.696617152294,545001.80759473,89092.87962539161,597546.9906029693,498.464903193439,508952.5758807712,0.0,508454.11097757774
BEŞİKTAŞ,1158348.9200150063,167264.0,31,8,54,28.04237867395762,121.6223073497047,1158470.542322356,0.0,1158348.9200150063,6598.717032697728,1164947.637047704,0.0,1158348.9200150063,43195.2703732605,1201544.190388267,0.0,1158348.9200150063,2752.9992680016167,1161101.919283008,0.0,1158348.9200150063,14564.824882987206,1172913.7448979935,0.0,1158348.9200150063,6478.260894977304,1164827.1809099836,0.0,1158348.9200150063,3419.607841574379,1161768.5278565807,0.0,1158348.9200150063,42008.891616560475,1200357.8116315668,0.0,1158348.9200150063,13918.489511168063,1172267.4095261744,0.0,1158348.9200150063,25165.72684274742,1183514.6468577539,0.0,1158348.9200150063,742.6317314652924,1159091.5517464716,0.0,1158348.9200150063
BÜYÜKÇEKMECE,2569637.880803156,280528.0,273,0,16,39.4643751422718,1309.2878974969517,2570947.168700653,0.0,2569637.880803156,46.497539321033955,2569684.378342477,0.0,2569637.880803156,22670.590809632704,2592308.4716127887,0.0,2569637.880803156,380.8729370648602,2570018.7537402213,0.0,2569637.880803156,1799.2358098160098,2571437.116612972,0.0,2569637.880803156,7460.800275866142,2577098.681079022,0.0,2569637.880803156,1059.438129158385,2570697.3189323144,0.0,2569637.880803156,600.7302260789497,2570238.611029235,0.0,2569637.880803156,1066.6588958368943,2570704.539698993,0.0,2569637.880803156,1945.7428796146294,2571583.623682771,0.0,2569637.880803156,45.54733579765096,2569683.4281389536,0.0,2569637.880803156
ESENLER,375489.4256326568,423625.0,138,10,5,31.290963030579643,108578.796375081,484068.2220077378,0.0,375489.4256326568,116385.6127139905,491875.0383466473,0.0,375489.4256326568,88599.79591652933,464089.2215491861,0.0,375489.4256326568,65360.18067421873,440849.60630687553,187744.7128163284,563234.1384489852,166383.9822573052,541873.407889962,187744.7128163284,563234.1384489852,93233.81391584309,468723.23954849987,187744.7128163284,563234.1384489852,95124.48811540342,470613.91374806024,187744.7128163284,563234.1384489852,121798.92409525206,497288.34972790885,0.0,375489.4256326568,76380.53231581207,451869.95794846886,187744.7128163284,563234.1384489852,120286.84902171002,495776.2746543668,0.0,375489.4256326568,16724.140491123995,392213.5661237808,187744.7128163284,563234.1384489852
ESENYURT,1190145.785879942,988369.0,277,3,12,39.4643751422718,270180.8165442657,1460326.6024242076,595072.892939971,1785218.678819913,318300.3603663945,1508446.1462463364,0.0,1190145.785879942,243962.43164883845,1434108.2175287805,0.0,1190145.785879942,411330.6126771079,1601476.3985570497,595072.892939971,1785218.678819913,390788.12578946544,1580933.9116694073,0.0,1190145.785879942,407586.9298774983,1597732.7157574403,0.0,1190145.785879942,202017.22561894025,1392163.0114988822,595072.892939971,1785218.678819913,262965.508523895,1453111.2944038368,587793.2017523741,1777938.987632316,314386.1435246919,1504531.9294046338,0.0,1190145.785879942,205267.87229390157,1395413.6581738435,0.0,1190145.785879942,357366.0912361376,1547511.8771160794,0.0,1190145.785879942
EYÜPSULTAN,7189930.516470695,420706.0,300,25,16,37.04040519007512,201.1591182045572,7190131.675588899,0.0,7189930.516470695,41.456264847525446,7189971.972735543,0.0,7189930.516470695,628.942972335628,7190559.459443031,0.0,7189930.516470695,1070.990113109956,7191001.506583805,0.0,7189930.516470695,3741.0541816945624,7193671.57065239,0.0,7189930.516470695,300.97551421936475,7190231.491984914,0.0,7189930.516470695,9397.87073496489,7199328.387205659,0.0,7189930.516470695,4479.838412584907,7194410.35488328,0.0,7189930.516470695,1382.111429842991,7191312.627900538,0.0,7189930.516470695,46.711329063642594,7189977.227799758,0.0,7189930.516470695,0.005652474414058732,7189930.522123169,0.0,7189930.516470695
FATİH,1857859.9336286236,354472.0,14,27,32,38.212086659064994,2513.8402450804933,1860373.773873704,0.0,1857859.9336286236,12136.01461255804,1869995.9482411817,0.0,1857859.9336286236,2783.6930234523857,1860643.626652076,0.0,1857859.9336286236,3189.4839288930625,1861049.4175575166,0.0,1857859.9336286236,3021.339104730854,1860881.2727333545,0.0,1857859.9336286236,19080.053045740868,1876939.9866743644,0.0,1857859.9336286236,14580.564998147212,1872440.498626771,0.0,1857859.9336286236,14026.436907822721,1871886.3705364463,0.0,1857859.9336286236,17368.085950747656,1875228.0195793712,0.0,1857859.9336286236,77.42466173145098,1857937.358290355,0.0,1857859.9336286236,21514.26730117009,1879374.2009297938,0.0,1857859.9336286236
GAZİOSMANPAŞA,204094.60721775488,479931.0,180,8,7,37.04040519007512,100823.61394865563,304918.2211664105,102047.30360887744,306141.9108266323,101989.70401047768,306084.3112282326,102047.30360887744,306141.9108266323,101087.07934090437,305181.68655865925,0.0,204094.60721775488,101854.93283546861,305949.5400532235,102047.30360887744,306141.9108266323,101441.39358431917,305536.00080207404,102047.30360887744,306141.9108266323,101188.58561228194,305283.1928300368,0.0,204094.60721775488,101140.26626395894,305234.8734817138,102047.30360887744,306141.9108266323,102037.00004256034,306131.6072603152,0.0,204094.60721775488,101431.25244554394,305525.8596632988,0.0,204094.60721775488,99398.33584790824,303492.9430656631,102047.30360887744,306141.9108266323,65799.966819108,269894.5740368629,102047.30360887744,306141.9108266323
GÜNGÖREN,29380.789241699124,264831.0,144,6,7,36.609391184255955,14690.385453032039,44071.17469473116,14690.394620849562,44071.183862548685,14690.394620849562,44071.183862548685,14690.394620849562,44071.183862548685,14684.03424357394,44064.82348527307,14690.394620849562,44071.183862548685,14690.38636531568,44071.175607014804,14690.394620849562,44071.183862548685,14690.382085899913,44071.17132759903,14690.394620849562,44071.183862548685,14690.39460989973,44071.18385159885,14690.394620849562,44071.183862548685,14690.372372152302,44071.16161385142,14690.394620849562,44071.183862548685,14690.377325803693,44071.16656750282,14690.390390842742,44071.17963254187,14690.393122970743,44071.18236466987,14690.394620849562,44071.183862548685,14690.271611574175,44071.0608532733,14690.394620849562,44071.183862548685,14690.340676001957,44071.12991770108,14690.394620849562,44071.183862548685
KADIKÖY,860383.2664371255,462189.0,175,27,62,28.971953027020863,37399.29243304285,897782.5588701684,0.0,860383.2664371255,167042.75219773236,1027426.0186348578,0.0,860383.2664371255,134082.41833834667,994465.6847754722,0.0,860383.2664371255,158191.20365397888,1018574.4700911044,430191.63321856275,1290574.8996556883,37019.32179850509,897402.5882356307,314671.8171219213,1175055.0835590467,41727.504628570605,902110.7710656961,0.0,860383.2664371255,110439.45670040949,970822.723137535,430191.63321856275,1290574.8996556883,275608.29861195345,1135991.565049079,191341.11233889585,1051724.3787760213,76401.50687866239,936784.7733157879,385657.75268141634,1246041.0191185419,243878.51825713448,1104261.78469426,430191.63321856275,1290574.8996556883,239975.08824497793,1100358.3546821035,0.0,860383.2664371255
KARTAL,1406194.225819459,475859.0,266,9,29,36.235408116735066,195841.62295412068,1602035.8487735796,0.0,1406194.225819459,12528.400490117258,1418722.6263095762,0.0,1406194.225819459,39030.40777578087,1445224.6335952398,0.0,1406194.225819459,9622.077628154486,1415816.3034476135,0.0,1406194.225819459,47062.0593341194,1453256.2851535783,0.0,1406194.225819459,313389.7782654498,1719584.0040849089,0.0,1406194.225819459,38536.964587413946,1444731.190406873,0.0,1406194.225819459,1194.231622740227,1407388.457442199,0.0,1406194.225819459,141457.83905230754,1547652.0648717666,0.0,1406194.225819459,88360.96749333707,1494555.193312796,0.0,1406194.225819459,8958.670494757358,1415152.8963142163,0.0,1406194.225819459
KAĞITHANE,1598947.6567764024,444820.0,182,5,16,46.7515393386545,25964.51366437844,1624912.170440781,0.0,1598947.6567764024,6794.758352315275,1605742.4151287177,0.0,1598947.6567764024,42924.81775496701,1641872.4745313693,0.0,1598947.6567764024,63596.68569513167,1662544.3424715342,0.0,1598947.6567764024,21572.681693541388,1620520.3384699437,799473.8283882012,2398421.4851646037,135.70026212322833,1599083.3570385256,0.0,1598947.6567764024,253645.3267713613,1852592.9835477637,0.0,1598947.6567764024,91418.09092627747,1690365.7477026798,0.0,1598947.6567764024,8166.633556954002,1607114.2903333565,0.0,1598947.6567764024,46700.6745411204,1645648.3313175228,0.0,1598947.6567764024,315.7972037233067,1599263.4539801257,0.0,1598947.6567764024
KÜÇÜKÇEKMECE,1646774.3243354743,789033.0,312,18,14,65.46188902814174,163354.4573585969,1810128.7816940711,0.0,1646774.3243354743,268913.1421755805,1915687.466511055,823387.1621677371,2470161.4865032113,279253.3508454622,1926027.6751809365,0.0,1646774.3243354743,204545.8414517556,1851320.1657872298,0.0,1646774.3243354743,95011.8068889271,1741786.1312244013,0.0,1646774.3243354743,228625.52429179972,1875399.848627274,0.0,1646774.3243354743,462066.788778602,2108841.113114076,397201.60028605565,2043975.9246215299,137287.17783605173,1784061.502171526,101707.65357999069,1748481.977915465,304163.1650373844,1950937.4893728588,0.0,1646774.3243354743,226899.07360509617,1873673.3979405705,492272.1640124702,2139046.4883479443,210608.0160162962,1857382.3403517704,0.0,1646774.3243354743
MALTEPE,2130674.198635165,524921.0,228,10,12,36.235408116735066,36891.859427411844,2167566.058062577,0.0,2130674.198635165,1787.834727285916,2132462.033362451,0.0,2130674.198635165,287.4775094243792,2130961.6761445897,0.0,2130674.198635165,11831.68172942296,2142505.880364588,0.0,2130674.198635165,75752.75749774279,2206426.956132908,0.0,2130674.198635165,5892.76597434793,2136566.964609513,0.0,2130674.198635165,2203.960266270855,2132878.158901436,0.0,2130674.198635165,1182.8621721882012,2131857.0608073534,0.0,2130674.198635165,1475.389321140995,2132149.587956306,0.0,2130674.198635165,7358.331488621792,2138032.530123787,0.0,2130674.198635165,5724.404821590391,2136398.6034567556,0.0,2130674.198635165
PENDİK,2660127.4940079455,749356.0,396,17,18,36.235408116735066,1052.8176651883175,2661180.3116731336,0.0,2660127.4940079455,1905.3080485415617,2662032.802056487,0.0,2660127.4940079455,24469.581148701378,2684597.075156647,0.0,2660127.4940079455,17547.623711837547,2677675.117719783,0.0,2660127.4940079455,1919.9796403417963,2662047.4736482874,0.0,2660127.4940079455,30177.647712581642,2690305.1417205273,0.0,2660127.4940079455,2836.6272766690413,2662964.121284615,0.0,2660127.4940079455,7959.796958551631,2668087.2909664973,999999.7120562838,3660127.2060642294,45793.90395102411,2705921.3979589697,0.0,2660127.4940079455,9069.74795482729,2669197.241962773,0.0,2660127.4940079455,24799.591525617307,2684927.085533563,0.0,2660127.4940079455
SANCAKTEPE,851191.7589597908,502077.0,206,6,5,43.09060899260103,266038.52255446574,1117230.2815142565,0.0,851191.7589597908,224772.42378661915,1075964.18274641,0.0,851191.7589597908,175567.15161798103,1026758.9105777718,425595.8794798954,1276787.6384396863,244312.640686653,1095504.3996464438,0.0,851191.7589597908,217990.29000564807,1069182.048965439,425595.8794798954,1276787.6384396863,150858.56201405494,1002050.3209738458,0.0,851191.7589597908,233365.18783930287,1084556.9467990936,425595.8794798954,1276787.6384396863,135984.48570721463,987176.2446670055,0.0,851191.7589597908,190273.70595365102,1041465.4649134418,405907.1124130229,1257098.8713728138,54843.91035690062,906035.6693166915,425595.8794798954,1276787.6384396863,186909.3650128063,1038101.1239725971,425595.8794798954,1276787.6384396863
SARIYER,2743974.6658907183,342582.0,335,7,32,26.711909353905497,7078.781991950068,2751053.4478826686,0.0,2743974.6658907183,279.1619775028693,2744253.8278682213,0.0,2743974.6658907183,36.536251732347154,2744011.2021424505,0.0,2743974.6658907183,421.38509954016905,2744396.0509902583,0.0,2743974.6658907183,13102.096033183749,2757076.761923902,0.0,2743974.6658907183,11567.80072386693,2755542.4666145854,0.0,2743974.6658907183,25313.472558050125,2769288.1384487683,0.0,2743974.6658907183,7577.4905874801025,2751552.1564781982,0.0,2743974.6658907183,7492.736075662821,2751467.4019663814,0.0,2743974.6658907183,115.83536019890809,2744090.501250917,0.0,2743974.6658907183,17649.68951800919,2761624.3554087277,0.0,2743974.6658907183
SULTANBEYLİ,711311.9838774118,369193.0,147,2,5,43.09060899260103,152268.54985742996,863580.5337348417,355655.9919387059,1066967.9758161176,119883.10879044206,831195.0926678539,0.0,711311.9838774118,36231.151504003545,747543.1353814154,355655.9919387059,1066967.9758161176,26915.329473065118,738227.3133504769,0.0,711311.9838774118,146346.2567678578,857658.2406452696,0.0,711311.9838774118,108506.56155074674,819818.5454281586,0.0,711311.9838774118,119794.27795304504,831106.2618304568,259886.7788644139,971198.7627418258,84226.55877759038,795538.5426550022,106010.58893394412,817322.5728113559,87253.14178597982,798565.1256633917,0.0,711311.9838774118,121724.21711983903,833036.2009972509,0.0,711311.9838774118,96488.0308818722,807800.014759284,355655.9919387059,1066967.9758161176
SULTANGAZİ,560013.4265267146,532601.0,143,6,4,48.57816540477577,212685.0955641803,772698.5220908949,280006.7132633573,840020.1397900719,187778.77202607552,747792.1985527901,280006.7132633573,840020.1397900719,227220.96554667217,787234.3920733868,0.0,560013.4265267146,173248.44099272706,733261.8675194416,0.0,560013.4265267146,159457.48743951772,719470.9139662323,0.0,560013.4265267146,249856.11599703899,809869.5425237536,0.0,560013.4265267146,194890.62053284986,754904.0470595644,0.0,560013.4265267146,167076.44877064813,727089.8752973627,280006.6326371837,840020.0591638982,153363.73237230894,713377.1588990235,280006.7132633573,840020.1397900719,69138.38192117715,629151.8084478917,0.0,560013.4265267146,98918.38471024358,658931.8112369581,280006.7132633573,840020.1397900719
SİLİVRİ,4064999.079093968,232156.0,264,0,7,39.4643751422718,0.6635400071339823,4064999.742633975,0.0,4064999.079093968,4080.3797872024734,4069079.4588811705,0.0,4064999.079093968,17.5578067555917,4065016.6369007234,0.0,4064999.079093968,1007.5698699513381,4066006.6489639194,0.0,4064999.079093968,1367.2232876166138,4066366.3023815844,0.0,4064999.079093968,2028.387817630157,4067027.466911598,1000000.0,5064999.0790939685,4.436150963734857,4065003.515244932,0.0,4064999.079093968,21.63046660506528,4065020.709560573,0.0,4064999.079093968,2.835397300070606,4065001.914491268,0.0,4064999.079093968,31.611345676472737,4065030.6904396447,0.0,4064999.079093968,17.674826957668664,4065016.753920926,0.0,4064999.079093968
TUZLA,3153689.0698800897,301400.0,241,4,12,41.09867971773276,864.9207306269791,3154553.990610717,0.0,3153689.0698800897,7319.101516422355,3161008.171396512,0.0,3153689.0698800897,6063.400737633287,3159752.470617723,0.0,3153689.0698800897,4816.822832612511,3158505.892712702,0.0,3153689.0698800897,1057.3526760442737,3154746.422556134,0.0,3153689.0698800897,2.619480980182267,3153691.68936107,0.0,3153689.0698800897,47.4375145429999,3153736.507394633,0.0,3153689.0698800897,250.16083873530818,3153939.230718825,0.0,3153689.0698800897,7047.364227212705,3160736.434107302,0.0,3153689.0698800897,2421.57118533941,3156110.641065429,0.0,3153689.0698800897,4333.787792280347,3158022.85767237,0.0,3153689.0698800897
ZEYTİNBURNU,789642.239856637,278344.0,195,8,14,38.212086659064994,188972.39550734594,978614.6353639829,0.0,789642.239856637,39785.983875946295,829428.2237325832,198677.29628452173,988319.5361411587,153549.2291591158,943191.4690157528,0.0,789642.239856637,41112.79354415962,830755.0334007966,394821.1199283185,1184463.3597849554,34287.73213134582,823929.9719879827,0.0,789642.239856637,285070.04853881546,1074712.2883954523,0.0,789642.239856637,35373.8770798166,825016.1169364536,0.0,789642.239856637,75608.03940672669,865250.2792633637,0.0,789642.239856637,15.165808928101317,789657.405665565,0.0,789642.239856637,59408.20330683465,849050.4431634716,394731.6290842676,1184373.8689409045,157947.36509633512,947589.6049529721,0.0,789642.239856637
ÇATALCA,1088806.6011754582,80399.0,80,0,1,29.73571591167767,1403.4566952665891,1090210.0578707247,0.0,1088806.6011754582,565.9433254707133,1089372.5445009288,0.0,1088806.6011754582,2894.0867598346463,1091700.6879352927,0.0,1088806.6011754582,462.80000028314475,1089269.4011757413,0.0,1088806.6011754582,1647.693798100359,1090454.2949735585,0.0,1088806.6011754582,6.189125209515698,1088812.7903006678,0.0,1088806.6011754582,2529.0927788327667,1091335.6939542908,0.0,1088806.6011754582,5244.707407252702,1094051.3085827108,0.0,1088806.6011754582,915.8515349698713,1089722.452710428,0.0,1088806.6011754582,306.8439877868016,1089113.445163245,0.0,1088806.6011754582,1884.944173533564,1090691.5453489916,0.0,1088806.6011754582
ÇEKMEKÖY,545283.4216504643,306739.0,96,1,5,29.7875014280818,109882.52807699492,655165.9497274592,0.0,545283.4216504643,22592.45631487334,567875.8779653376,0.0,545283.4216504643,38052.44517675735,583335.8668272216,272641.71082523215,817925.1324756965,106418.49232485343,651701.9139753177,0.0,545283.4216504643,74781.69302675236,620065.1146772166,0.0,545283.4216504643,32051.504714935458,577334.9263653997,0.0,545283.4216504643,26722.711004930075,572006.1326553944,0.0,545283.4216504643,77122.67770712834,622406.0993575926,0.0,545283.4216504643,67025.92596466879,612309.347615133,272641.71082523215,817925.1324756965,72918.67061073262,618202.0922611969,0.0,545283.4216504643,56273.23052066443,601556.6521711288,272641.71082523215,817925.1324756965
ÜMRANİYE,1448077.7828947406,727819.0,389,20,11,29.7875014280818,145742.3207906496,1593820.1036853902,0.0,1448077.7828947406,99643.17210991296,1547720.9550046534,0.0,1448077.7828947406,160038.52831694696,1608116.3112116875,0.0,1448077.7828947406,255858.44030121918,1703936.2231959598,0.0,1448077.7828947406,76815.0039817924,1524892.786876533,0.0,1448077.7828947406,80349.75585829915,1528427.5387530397,0.0,1448077.7828947406,132604.52537403378,1580682.3082687743,0.0,1448077.7828947406,350601.8276141598,1798679.6105089004,0.0,1448077.7828947406,343644.6212521641,1791722.4041469046,0.0,1448077.7828947406,319260.1477177671,1767337.9306125077,0.0,1448077.7828947406,399435.51168284944,1847513.29457759,724038.8914473703,2172116.6743421108
ÜSKÜDAR,2357259.2624715716,512981.0,296,9,33,25.062542720437456,47.01478062380683,2357306.2772521954,0.0,2357259.2624715716,5166.943729138551,2362426.20620071,0.0,2357259.2624715716,14574.825915245427,2371834.088386817,0.0,2357259.2624715716,745.0867726167122,2358004.349244188,0.0,2357259.2624715716,1784.7598714115597,2359044.022342983,0.0,2357259.2624715716,371.17017110257166,2357630.432642674,0.0,2357259.2624715716,497.3769520074988,2357756.639423579,0.0,2357259.2624715716,19744.171549585964,2377003.4340211577,0.0,2357259.2624715716,5764.715506089332,2363023.977977661,0.0,2357259.2624715716,27200.94131652692,2384460.2037880984,0.0,2357259.2624715716,245.35760121076947,2357504.6200727825,0.0,2357259.2624715716
ŞİLE,347167.07496639347,48936.0,153,0,0,43.09060899260103,9075.164879562111,356242.23984595557,173583.53748319673,520750.61244959023,71270.12930244474,418437.2042688382,173583.53748319673,520750.61244959023,32483.781171066614,379650.8561374601,0.0,347167.07496639347,33773.51415446697,380940.58912086044,0.0,347167.07496639347,4683.034561535925,351850.1095279294,173583.53748319673,520750.61244959023,2873.651223556705,350040.7261899502,0.0,347167.07496639347,10953.46437361791,358120.53934001137,0.0,347167.07496639347,13978.80221716663,361145.8771835601,0.0,347167.07496639347,8128.385540854195,355295.46050724766,173583.53748319673,520750.61244959023,11559.026981447407,358726.1019478409,173583.53748319673,520750.61244959023,1400.961099065036,348568.0360654585,0.0,347167.07496639347
ŞİŞLİ,354780.26493224973,263063.0,68,9,33,28.04237867395762,58649.251275656155,413429.5162079059,0.0,354780.26493224973,118853.58869408403,473633.85362633376,177390.13246612487,532170.3973983746,36193.526386787315,390973.79131903703,177390.13246612487,532170.3973983746,58816.27621177686,413596.54114402656,0.0,354780.26493224973,57246.06203024152,412026.32696249126,0.0,354780.26493224973,35566.86549038371,390347.13042263343,0.0,354780.26493224973,24451.206891329315,379231.47182357905,177390.13246612487,532170.3973983746,93021.93035286435,447802.1952851141,0.0,354780.26493224973,84641.83603757872,439422.10096982843,0.0,354780.26493224973,44876.37388151046,399656.6388137602,177390.13246612487,532170.3973983746,158607.76895653014,513388.0338887799,0.0,354780.26493224973
